{
  "train_loss": [
    1.850194584648166,
    1.5221272552118892,
    1.266504890892358,
    1.217700433984267,
    1.1531867718485604,
    1.0835454970018,
    0.8822135918936899,
    0.7812127113764264,
    0.7837019663574422,
    0.771595305741097,
    0.612926421882832,
    0.5260602213481886,
    0.49308664790296974,
    0.5955111855795953,
    0.5408750555169793,
    0.4545909511647393,
    0.42447469000267773,
    0.4774244794658328,
    0.3845623182057016,
    0.36313415051297804,
    0.4300996658601592,
    0.37961460276515085,
    0.27618626096607307,
    0.32108769730273307,
    0.25636583280691927,
    0.23555968447596626,
    0.2392979592533238,
    0.18934344091938923,
    0.3449763232470383,
    0.17382113636858695,
    0.21110189994088316,
    0.11464131952387041,
    0.20618683374165434,
    0.16255312061275198,
    0.16616002722600046,
    0.12720829143329004,
    0.1359609363419292,
    0.0745443432033062,
    0.1155363483555549,
    0.0683547600691693,
    0.05512808470312502,
    0.038812125664187874,
    0.0491883917049035,
    0.05508724985459811,
    0.06141180312868045,
    0.07707075939967041,
    0.06269791761454425
  ],
  "train_f1": [
    0.09789618949905415,
    0.16228959312468028,
    0.2294237021026101,
    0.2777340589307101,
    0.34137664795861683,
    0.37437767388690807,
    0.5050257080186916,
    0.4403725022399653,
    0.5889685531602852,
    0.5555554364012422,
    0.5868476546720712,
    0.7194982861243079,
    0.6195534204919915,
    0.6137145168730632,
    0.6332315206341529,
    0.6928465015034007,
    0.7085956249588924,
    0.646306364085916,
    0.7669590213580519,
    0.7618458621990146,
    0.7652326894853825,
    0.7958283486943567,
    0.8325208600118824,
    0.7964434886880347,
    0.8111297580661408,
    0.8114251946055702,
    0.8080246798959618,
    0.8694235784294052,
    0.832971981706537,
    0.8563865725675356,
    0.8526056326456413,
    0.8399338507544152,
    0.8576796169812492,
    0.8828030630638619,
    0.8516027724932898,
    0.8780054533429295,
    0.8843289560280762,
    0.9001367526088153,
    0.908998517433605,
    0.9035667417966514,
    0.900126349570176,
    0.9073280082309565,
    0.9142735301498598,
    0.9093933065384664,
    0.9314290052002799,
    0.906407791805033,
    0.9180399671567141
  ],
  "val_loss": [
    0.8042949909021047,
    0.5820690391477474,
    0.5943608855413012,
    0.5785190389176046,
    0.4985318440051118,
    0.3770222015617308,
    0.3726492529073037,
    0.3652560882331911,
    0.25063481094423407,
    0.38998087693837064,
    0.2704188033568958,
    0.36408678736568484,
    0.29441026675799664,
    0.3937426259695006,
    0.20030742755606154,
    0.2971244801174511,
    0.32853323699029024,
    0.3751695660520191,
    0.318885226486143,
    0.26558028065468653,
    0.19896017546988715,
    0.2663651659468974,
    0.4484535659147688,
    0.2967526844710358,
    0.30746970861411294,
    0.2565612272536459,
    0.278223240634134,
    0.20501907361933022,
    0.20497532585435663,
    0.2749892096135242,
    0.20049374085689378,
    0.23855693252249197,
    0.22898111932041232,
    0.24474560261265305,
    0.3118226121649269,
    0.2413527922443122,
    0.19593330578001078,
    0.23778433595930248,
    0.18641789745662576,
    0.4193002461401884,
    0.19042900099057303,
    0.1815637525979214,
    0.20724305829556644,
    0.20951667860273487,
    0.20377578249004907,
    0.30028912888085546,
    0.21859467226804102
  ],
  "val_f1": [
    0.16212029710352513,
    0.24310857492675675,
    0.17993415269580343,
    0.19140109773021166,
    0.22921057240803872,
    0.4397324396034074,
    0.2588910503632666,
    0.38870927060048177,
    0.3863081363081363,
    0.3878069369087333,
    0.4352802828184832,
    0.3439551234479493,
    0.4161482528564573,
    0.48099985162343495,
    0.43664857310462557,
    0.42129589733068645,
    0.4353030956210159,
    0.5476192274101996,
    0.46471593817966944,
    0.43839460469723535,
    0.38337376239651616,
    0.4486333973958219,
    0.5228511848752794,
    0.5342472502402263,
    0.38840917559211685,
    0.48301780666036687,
    0.528283482571687,
    0.5563774784954582,
    0.5908579750065369,
    0.4796392204672067,
    0.520238406565828,
    0.4195651050669976,
    0.5430095341522904,
    0.617815515610534,
    0.3438836898544613,
    0.5500783772733345,
    0.6591929204223786,
    0.5048787206657974,
    0.628316214279477,
    0.5702413464851955,
    0.5818817332158542,
    0.650786943552901,
    0.5549290632514416,
    0.4871234929944607,
    0.4226727987214506,
    0.46070880082156473,
    0.43566522366522364
  ],
  "lr": [
    5.9999999999999995e-05,
    0.00011999999999999999,
    0.00017999999999999998,
    0.00023999999999999998,
    0.0003,
    0.0003,
    0.00029991826197246844,
    0.00029967313726920677,
    0.00029926489393047916,
    0.0002986939783643828,
    0.00029796101485870695,
    0.00029706680489828395,
    0.00029601232628857684,
    0.0002947987320864636,
    0.00029342734933938643,
    0.0002918996776342448,
    0.0002902173874576194,
    0.000288382318369119,
    0.00028639647698984976,
    0.00028426203480820414,
    0.0002819813258053701,
    0.0002795568439031573,
    0.00027699124023692983,
    0.00027428732025662895,
    0.0002714480406590546,
    0.0002684765061547608,
    0.0002653759660731004,
    0.000262149810809131,
    0.0002588015681162678,
    0.000255334899248737,
    0.0002517535949580483,
    0.00024806157134786317,
    0.00024426286559179374,
    0.0002403616315188122,
    0.00023636213507110003,
    0.00023226874963930277,
    0.00022808595128029162,
    0.00022381831382266095,
    0.0002194705038653138,
    0.00021504727567460465,
    0.00021055346598561892,
    0.00020599398871327395,
    0.00020137382957902562,
    0.0001966980406590546,
    0.00019197173485989574,
    0.00018720008032754946,
    0.00018238829479619013
  ],
  "best_epoch": 37
}